model,predicted_emission_nm,known_emission_nm,emission_absolute_error,predicted_quantum_yield,known_quantum_yield,quantum_yield_absolute_error,nearest_training_similarity,confidence_label,outside_applicability_domain
rf,459.59736632034657,539.0,79.40263367965343,0.12454767377233597,0.196,0.07145232622766404,0.44680851063829785,low-medium,True
extratrees,469.8761722222223,539.0,69.1238277777777,0.06114958003002799,0.196,0.13485041996997202,0.44680851063829785,low-medium,True
histgb,507.74914223215006,539.0,31.250857767849936,0.2891854960099707,0.196,0.09318549600997067,0.44680851063829785,low-medium,True
gbdt,472.8329888712151,539.0,66.1670111287849,0.27035460167799236,0.196,0.07435460167799235,0.44680851063829785,low-medium,True
